decil,clientes,conversiones,tasa,lift,captura_acum
1,3985,1186,0.2976160602258469,2.0071078016584867,0.2007107801658487
2,3985,740,0.18569636135508155,1.2523269588762902,0.32594347605347773
3,3986,618,0.1550426492724536,1.0455998601298486,0.4305297004569301
4,3984,633,0.1588855421686747,1.0715161373196287,0.5376544254526993
5,3985,573,0.1437892095357591,0.9697072262650195,0.6346251480792012
6,3985,555,0.13927227101631118,0.9392452191572178,0.728549669994923
7,3985,562,0.1410288582183187,0.9510915552546962,0.8236588255203926
8,3985,537,0.13475533249686325,0.9087832120494161,0.9145371467253343
9,3984,313,0.07856425702811246,0.5298334138721071,0.9675071924183449
10,3986,192,0.0481685900652283,0.3248465584869432,1.0
