fecha,autor,nombre,modelo,familias,n_feats,gini_t7,gini_t8,gini_t9,gini_t10,gini_medio,gini_std,gini_holdout,segundos,params,nota
2026-10-03 14:11,coordinador,smoke_lgbm,lgbm,supervivencia+interaccion+recencias,34,0.2542,0.2621,0.2515,0.2695,0.2593,0.007,0.23,9.4,{},prueba de humo v2
2026-10-03 14:14,ml,diag_logreg,logreg,supervivencia+interaccion+recencias,34,0.2441,0.2485,0.2305,0.2401,0.2408,0.0067,,1.6,{},diagnostico brecha
2026-10-03 14:15,ml,diag_lgbm_base,lgbm,,22,0.2694,0.2595,0.2478,0.2619,0.2597,0.0077,,6.6,{},diagnostico solo originales
2026-10-03 14:15,ml,diag_logreg_base,logreg,,22,0.2476,0.248,0.2345,0.2395,0.2424,0.0057,,1.0,{},
2026-10-03 16:05,ml,lgbm_opt,lgbm,supervivencia+interaccion+recencias,34,0.2643,0.2703,0.2525,0.2669,0.2635,0.0067,,5.2,"{""num_leaves"": 7, ""min_child_samples"": 55, ""learning_rate"": 0.03581039401005933, ""n_estimators"": 400, ""reg_lambda"": 12.51421700307168, ""colsample_bytree"": 0.8197376298333886, ""subsample"": 0.8583603363487469, ""min_split_gain"": 0.3159034569854833, ""cat_smooth"": 7.905319777758524}","optuna 60 pruebas, obj media-0.5std"
2026-10-03 16:06,ml,lgbm_opt_s5,lgbm,supervivencia+interaccion+recencias,34,0.2643,0.268,0.2517,0.2709,0.2637,0.0073,,24.0,"{""num_leaves"": 7, ""min_child_samples"": 55, ""learning_rate"": 0.03581039401005933, ""n_estimators"": 400, ""reg_lambda"": 12.51421700307168, ""colsample_bytree"": 0.8197376298333886, ""subsample"": 0.8583603363487469, ""min_split_gain"": 0.3159034569854833, ""cat_smooth"": 7.905319777758524, ""semillas"": 5}",lgbm_opt promedio 5 semillas
2026-10-03 16:06,de,de_logreg_ref,logreg,supervivencia+interaccion+recencias,34,0.2441,0.2485,0.2305,0.2401,0.2408,0.0067,,1.9,{},referencia logreg con las familias de smoke
2026-10-03 16:06,de,de_logreg_reglas,logreg,supervivencia+interaccion+recencias+reglas_negocio,38,0.2674,0.2754,0.2504,0.2563,0.2624,0.0097,,2.1,{},+4 flags de reglas de negocio
2026-10-03 16:06,de,de_logreg_reglas_sinruido,logreg,reglas_negocio+sin_ruido,19,0.275,0.2759,0.2581,0.2618,0.2677,0.0079,,1.0,{},reglas + quita 7 columnas ruido; sin superv/int/rec
2026-10-03 16:06,ml,lgbm_opt_mono,lgbm,supervivencia+interaccion+recencias,34,0.2628,0.2733,0.2492,0.2702,0.2639,0.0093,,6.5,"{""num_leaves"": 7, ""min_child_samples"": 55, ""learning_rate"": 0.03581039401005933, ""n_estimators"": 400, ""reg_lambda"": 12.51421700307168, ""colsample_bytree"": 0.8197376298333886, ""subsample"": 0.8583603363487469, ""min_split_gain"": 0.3159034569854833, ""cat_smooth"": 7.905319777758524, ""ordinal"": {""banda_riesgo"": [""low"", ""medium"", ""high""]}, ""monotono"": {""numero_productos"": 1, ""banda_riesgo"": -1, ""dias_ultima_transaccion"": -1, ""activo_movil"": 1, ""tiene_tarjeta_credito"": 1}}","lgbm_opt + monotonia (productos+, riesgo-, recencia trans-, movil+, tarjeta+)"
2026-10-03 16:07,de,de_lgbm_reglas,lgbm,supervivencia+interaccion+recencias+reglas_negocio,38,0.2573,0.2713,0.2429,0.2702,0.2604,0.0115,,10.8,{},smoke + reglas_negocio
2026-10-03 16:07,ml,hazard_dur_true,hazard,supervivencia,26,0.2438,0.2611,0.2555,0.2524,0.2532,0.0063,,5.3,"{""duracion"": true}","hazard discreto, interacciones de perfil, duracion=true"
2026-10-03 16:07,de,de_lgbm_sinruido,lgbm,supervivencia+interaccion+recencias+sin_ruido,27,0.263,0.2657,0.2479,0.2741,0.2627,0.0095,,11.7,{},smoke + sin_ruido
2026-10-03 16:07,ml,hazard_dur_false,hazard,supervivencia,26,0.2416,0.2632,0.2558,0.2517,0.2531,0.0078,,4.7,"{""duracion"": false}","hazard discreto, interacciones de perfil, duracion=false"
2026-10-03 16:07,de,de_lgbm_reglas_sinruido,lgbm,reglas_negocio+sin_ruido,19,0.263,0.2748,0.2418,0.2629,0.2606,0.0119,,10.1,{},solo reglas + sin_ruido
2026-10-03 16:07,ml,gam_sup,gam,supervivencia,26,0.2413,0.246,0.2233,0.243,0.2384,0.0089,,3.6,{},GAM splines sin interacciones
2026-10-03 16:07,equipo,de_ens_logreg_lgbm,rank_avg,de_logreg_reglas_sinruido+de_lgbm_sinruido,0,0.2743,0.2748,0.2563,0.2706,0.269,0.0075,,0,,"pesos=[np.float64(0.5), np.float64(0.5)]"
2026-10-03 16:07,equipo,de_ens_logreg_smoke,rank_avg,de_logreg_reglas_sinruido+smoke_lgbm,0,0.2691,0.2728,0.258,0.2684,0.2671,0.0055,,0,,"pesos=[np.float64(0.5), np.float64(0.5)]"
2026-10-03 16:08,ml,logreg_reglas,logreg,supervivencia+reglas_negocio+sin_ruido,23,0.2721,0.275,0.2538,0.2611,0.2655,0.0085,,1.0,{},logistica + reglas DE sin ruido
2026-10-03 16:08,ml,lgbm_opt_reglas,lgbm,supervivencia+reglas_negocio+sin_ruido,23,0.2678,0.2748,0.2456,0.2643,0.2631,0.0108,,3.6,"{""num_leaves"": 7, ""min_child_samples"": 55, ""learning_rate"": 0.03581039401005933, ""n_estimators"": 400, ""reg_lambda"": 12.51421700307168, ""colsample_bytree"": 0.8197376298333886, ""subsample"": 0.8583603363487469, ""min_split_gain"": 0.3159034569854833, ""cat_smooth"": 7.905319777758524}",params lgbm_opt + reglas sin ruido
2026-10-03 16:08,equipo,ens_lgbm_logreg,rank_avg,lgbm_opt_s5+logreg_reglas,0,0.272,0.2748,0.2544,0.2682,0.2674,0.0078,,0,,"pesos=[np.float64(0.5), np.float64(0.5)]"
2026-10-03 16:09,ml,hazard_reglas,hazard,supervivencia+reglas_negocio+sin_ruido,23,0.2671,0.2669,0.2506,0.2621,0.2617,0.0067,,2.6,"{""perfil"": false, ""duracion"": true, ""n_knots"": 3}",hazard discreto: splines(3 nudos) + duracion x perfil + reglas
2026-10-03 16:14,ml,lgbm_rsr_opt,lgbm,supervivencia+reglas_negocio+sin_ruido,23,0.2732,0.2707,0.2487,0.2707,0.2658,0.0099,,2.8,"{""num_leaves"": 12, ""min_child_samples"": 632, ""learning_rate"": 0.005034158319559988, ""n_estimators"": 200, ""reg_lambda"": 8.447967900205274, ""colsample_bytree"": 0.5003252674743275, ""subsample"": 0.6006370462725161, ""min_split_gain"": 0.39178873295867894, ""cat_smooth"": 59.61235119972987}",optuna 40 pruebas sobre reglas+sin_ruido
2026-10-03 16:14,equipo,ens_rsr_logreg,rank_avg,lgbm_rsr_opt+logreg_reglas,0,0.2743,0.2744,0.2522,0.2674,0.2671,0.009,,0,,"pesos=[np.float64(0.5), np.float64(0.5)]"
2026-10-03 16:16,equipo,de_ens_logreg_lgbm,rank_avg,de_logreg_reglas_sinruido+de_lgbm_sinruido,0,0.2743,0.2748,0.2563,0.2706,0.269,0.0075,,0,,"pesos=[np.float64(0.5), np.float64(0.5)]"
2026-10-03 16:16,equipo,ens_lgbm_logreg,rank_avg,lgbm_opt_s5+logreg_reglas,0,0.272,0.2748,0.2544,0.2682,0.2674,0.0078,,0,,"pesos=[np.float64(0.5), np.float64(0.5)]"
2026-10-03 16:16,coordinador,de_logreg_reglas_sinruido,logreg,reglas_negocio+sin_ruido,19,0.275,0.2759,0.2581,0.2618,0.2677,0.0079,0.2468,1.0,{},caja_fuerte_r1
2026-10-03 16:17,coordinador,de_lgbm_sinruido,lgbm,supervivencia+interaccion+recencias+sin_ruido,27,0.263,0.2657,0.2479,0.2741,0.2627,0.0095,0.2283,8.4,{},caja_fuerte_r1
2026-10-03 16:17,equipo,de_ens_logreg_lgbm,rank_avg,de_logreg_reglas_sinruido+de_lgbm_sinruido,0,0.2743,0.2748,0.2563,0.2706,0.269,0.0075,0.2402,0,,"pesos=[np.float64(0.5), np.float64(0.5)]"
2026-10-03 16:17,coordinador,lgbm_opt_s5,lgbm,supervivencia+interaccion+recencias,34,0.2643,0.268,0.2517,0.2709,0.2637,0.0073,0.2351,20.9,"{""num_leaves"": 7, ""min_child_samples"": 55, ""learning_rate"": 0.03581039401005933, ""n_estimators"": 400, ""reg_lambda"": 12.51421700307168, ""colsample_bytree"": 0.8197376298333886, ""subsample"": 0.8583603363487469, ""min_split_gain"": 0.3159034569854833, ""cat_smooth"": 7.905319777758524, ""semillas"": 5}",caja_fuerte_r1
2026-10-03 16:17,coordinador,logreg_reglas,logreg,supervivencia+reglas_negocio+sin_ruido,23,0.2721,0.275,0.2538,0.2611,0.2655,0.0085,0.2442,1.3,{},caja_fuerte_r1
2026-10-03 16:17,equipo,ens_lgbm_logreg,rank_avg,lgbm_opt_s5+logreg_reglas,0,0.272,0.2748,0.2544,0.2682,0.2674,0.0078,0.242,0,,"pesos=[np.float64(0.5), np.float64(0.5)]"
