fecha,autor,nombre,modelo,familias,n_feats,gini_t8,gini_t9,gini_t10,gini_t11,gini_medio,gini_std,segundos,nota
2026-10-03 12:26,equipo,logreg_base,logreg,,22,0.248,0.2345,0.2395,0.2022,0.231,0.0173,1.1,
2026-10-03 12:27,equipo,lgbm_base,lgbm,,22,0.2595,0.2478,0.2619,0.2347,0.251,0.0108,12.9,
2026-10-03 12:27,equipo,lgbm_superv,lgbm,supervivencia,26,0.2608,0.2427,0.2637,0.2346,0.2504,0.0122,12.9,
2026-10-03 12:27,equipo,lgbm_sup_int,lgbm,supervivencia+interaccion,31,0.2687,0.2489,0.2675,0.2262,0.2528,0.0173,13.3,
2026-10-03 12:27,equipo,lgbm_sup_int_rec,lgbm,supervivencia+interaccion+recencias,34,0.2621,0.2515,0.2695,0.23,0.2533,0.0149,13.1,
2026-10-03 12:28,equipo,lgbm_full,lgbm,supervivencia+interaccion+recencias+capacidad_pago+vinculacion,41,0.2677,0.2415,0.2631,0.2337,0.2515,0.0142,13.5,
2026-10-03 12:29,equipo,cat_base,catboost,,22,0.2671,0.2374,0.2615,0.2391,0.2513,0.0132,62.7,
2026-10-03 12:30,equipo,cat_sup_int_rec,catboost,supervivencia+interaccion+recencias,34,0.2669,0.2462,0.269,0.2333,0.2539,0.0149,68.0,
2026-10-03 12:30,equipo,xgb_sup_int_rec,xgb,supervivencia+interaccion+recencias,34,0.2635,0.2456,0.2684,0.2294,0.2517,0.0154,7.8,
2026-10-03 12:31,equipo,ens_3,rank_avg,cat_sup_int_rec+lgbm_sup_int_rec+xgb_sup_int_rec,0,0.2659,0.2492,0.2707,0.2315,0.2543,0.0154,0,"pesos=[np.float64(0.333), np.float64(0.333), np.float64(0.333)]"
