escenario,estrategia,contactados,costo,valor_esperado_neto,share_riesgo_alto,n_app,n_call_center,n_asesor,conversiones_reales_contactados,valor_realizado_proxy,delta_vs_base
base,aleatorio,1686,25000,113693,0.099,66,1220,400,277,124506,0
base,greedy,1628,25000,207768,0.023,6,1222,400,471,245843,0
base,greedy_rentab,7443,24999,354867,0.099,5663,1500,280,1334,401035,0
base,optimo,7020,24967,388855,0.1,5238,1499,283,1275,447275,0
call_center_-50%,aleatorio,5996,22204,263517,0.1,4846,750,400,1047,288253,149824
call_center_-50%,greedy,5891,22172,319888,0.1,4741,750,400,1092,367436,112120
call_center_-50%,greedy_rentab,6796,22444,321694,0.098,5646,750,400,1239,365869,-33173
call_center_-50%,optimo,6453,22341,351023,0.1,5303,750,400,1175,399611,-37832
riesgo_alto_5%,aleatorio,1657,25000,115535,0.049,36,1221,400,279,128397,1842
riesgo_alto_5%,greedy,1628,25000,207768,0.023,6,1222,400,471,245843,0
riesgo_alto_5%,greedy_rentab,7108,24968,346245,0.05,5326,1500,282,1282,390992,-8622
riesgo_alto_5%,optimo,6665,24965,381932,0.05,4880,1499,286,1226,437176,-6923
costo_asesor_x1.5,aleatorio,1582,25000,104734,0.099,48,1277,257,260,111516,-8959
costo_asesor_x1.5,greedy,857,25000,129656,0.0,13,444,400,300,165521,-78112
costo_asesor_x1.5,greedy_rentab,7350,24964,346696,0.1,5664,1500,186,1318,390330,-8171
costo_asesor_x1.5,optimo,6962,24996,375141,0.1,5274,1499,189,1265,430389,-13714
