presupuesto,estrategia,valor_esperado_neto,valor_realizado_proxy,contactados,costo
5000,aleatorio,17825,22905,259,5000
5000,greedy,47960,52222,206,5000
5000,greedy_rentab,259284,291315,5992,4999
5000,optimo,263049,294244,5874,4999
10000,aleatorio,37718,43878,546,10000
10000,greedy,83272,92646,412,10000
10000,greedy_rentab,303086,340122,6581,9996
10000,optimo,311329,348003,6350,9996
15000,aleatorio,55414,64652,777,15000
15000,greedy,110563,136412,618,15000
15000,greedy_rentab,337992,379383,7138,15000
15000,optimo,351277,397344,6776,14996
25000,aleatorio,113693,124506,1686,25000
25000,greedy,207768,245843,1628,25000
25000,greedy_rentab,354867,401035,7443,24999
25000,optimo,388855,447275,7020,24967
35000,aleatorio,292440,325492,6272,28812
35000,greedy,358809,403322,6125,28767
35000,greedy_rentab,360296,407963,7563,29199
35000,optimo,400981,461362,7112,29064
50000,aleatorio,292440,325492,6272,28812
50000,greedy,358809,403322,6125,28767
50000,greedy_rentab,360296,407963,7563,29199
50000,optimo,400981,461362,7112,29064
75000,aleatorio,292440,325492,6272,28812
75000,greedy,358809,403322,6125,28767
75000,greedy_rentab,360296,407963,7563,29199
75000,optimo,400981,461362,7112,29064
100000,aleatorio,292440,325492,6272,28812
100000,greedy,358809,403322,6125,28767
100000,greedy_rentab,360296,407963,7563,29199
100000,optimo,400981,461362,7112,29064
