supuesto,bajo,alto,valor_base,valor_bajo,valor_alto,amplitud
incrementalidad,0.3,0.7,389135,223481,554789,331308
tasa_margen,0.01,0.02,389135,254150,481074,226924
efect_app,0.3,0.7,389135,322445,463904,141459
costo_call_center,6.0,15.0,389135,405485,348492,56993
cap_call_center,750.0,2000.0,389135,351029,403688,52659
presupuesto,15000.0,40000.0,389135,351318,400985,49667
efect_asesor,1.2,2.0,389135,373095,415873,42778
costo_asesor,25.0,60.0,389135,404719,371573,33146
costo_app,0.1,1.0,389135,393363,373615,19748
min_dias_desde_interaccion,3.0,30.0,389135,391454,372796,18658
max_share_riesgo_alto,0.05,0.2,389135,382184,396757,14573
cap_asesor,200.0,600.0,389135,379800,389135,9335
perdida_high,0.1,0.25,389135,390409,386702,3707
